new, x.jpeg, new, new, new, 2023-09-09, 2023-09-09
tarn, xdd.jpeg, tarn, tarn, tarn, 2023-09-09, 2023-09-09
nutt, xdd.jpeg, nutt, nutt, nutt, 2023-09-09, 2023-09-09
ice, xdd.jpeg, ice, ice, ice, 2023-09-09, 2023-09-09
test, xdd.jpeg, test, test, test, 2023-09-09, 2023-09-09
test1, x.jpeg, test1, test1, test1, 2023-09-09, 2023-09-09
test2, xdd.jpeg, test2, test2, test2, 2023-09-09, 2023-09-09
test3, x.jpeg, test3, test3, test3, 2023-09-09, 2023-09-09
test4, xdd.jpeg, test4, test4, test4, 2023-09-09, 2023-09-09
test5, xdd.jpeg, test5, test5, test5, 2023-09-09, 2023-09-09
test6, x.jpeg, test6, test6, test6, 2023-09-09, 2023-09-09
test7, xdd.jpeg, test7, test7, test7, 2023-09-09, 2023-09-09
test8, x.jpeg, test8, test8, test8, 2023-09-09, 2023-09-09
test9, xdd.jpeg, test9, test9, test9, 2023-09-09, 2023-09-09
test10, x.jpeg, test10, test10, test10, 2023-09-09, 2023-09-09
test11, xdd.jpeg, test11, test11, test11, 2023-09-09, 2023-09-09
test12, x.jpeg, test12, test12, test12, 2023-09-09, 2023-09-09
test13, xdd.jpeg, test13, test13, test13, 2023-09-09, 2023-09-09
test14, x.jpeg, test14, test14, test14, 2023-09-09, 2023-09-09
test15, xdd.jpeg, test15, test15, test15, 2023-09-09, 2023-09-09
test16, x.jpeg, test16, test16, test16, 2023-09-09, 2023-09-09
test17, xdd.jpeg, test17, test17, test17, 2023-09-09, 2023-09-09
test18, x.jpeg, test18, test18, test18, 2023-09-09, 2023-09-09
test19, xdd.jpeg, test19, test19, test19, 2023-09-09, 2023-09-09
test20, x.jpeg, test20, test20, test20, 2023-09-09, 2023-09-09
test21, xdd.jpeg, test21, test21, test21, 2023-09-09, 2023-09-09
test22, x.jpeg, test22, test22, test22, 2023-09-09, 2023-09-09
test23, xdd.jpeg, test23, test23, test23, 2023-09-09, 2023-09-09
test24, x.jpeg, test24, test24, test24, 2023-09-09, 2023-09-09

