test,1,1,1
test,1,1,1
test,1,new,1
test,1,new,1
test,1,1,asdasdasdasdasdafsdfdsfasdasdasdasdasdafsdfdsfasdasdasdasdasdafsdfdsfasdasdasdasdasdafsdfdsf
test,1,1,ASDASDSAD
test,1,1,asdasdsad
test,1,new,asdasdsa
test,1,new,sdfsdfdsfdsflksdhfidsnfldsnfdklssdgfsdfghdfhdhdfhdfhdhfgjgkjfgjdrguhdfhdfhgfrjtykyukuyjrfhjthjtjryesgfgsfdgsdffgsfsdf
test,1,new,เทสภาษาไทย 1 1
test,1,1,เทสภาษาไทยคำยาวๆว่าใช้ได้ไหมขอให้ใช้ได้เถอะจริงขอร้องเลย
test,1,1,ตาลหล่อ
test,1,1,ป
test,1,1,ป
test,1,1,ปกกก
test,1,1,ปกกกกก
test,1,1,ปกกกกกก
test,1,1,ป
test,1,1,สวัสดีครับ
test,1,1,ท่านสมาชิกชมรม
test,1,1,คนชอบตาล
test,1,1,yoyoyo
test,1,1,xdd
test,1,1,xdd
test,1,1,asdasasd
test,1,1,asdasdasdadsad
