1,$2a$12$Y5XGbbKeI0Fw935IdF2GLOyhuvd0mZk5MxzzILdiIa91rrYvTQXnS,Neung,1.png
2,$2a$12$6v2WuIqt/sjg1byY8.PQ6e7vtV.p3yXwkkn4BoK92GoS3wSh6Y9g6,2,default.png
new,$2a$12$5tDlQrReF9NQSGhI8UwdLuDS/oXajzMCF4gkhxTkIGrNHfmN6DxNm,new,new.jpeg
nutt,$2a$12$.zbSU14ySGaw6u.ob6nIF.acHTrqAE48aP4JbcuFZjSvwjnsJdaKy,nutt,nutt.jpeg
xx,$2a$12$maNRhkMSaa9O5wmybUScjuupo3xkK7S5hvkKPVE49kvR2JmYOw1QK,xx,default.png
admin211,$2a$12$sK5pmvyN00IfY4xFpd2YTeM9yivDSV0/srUsAa7.EhK6u.0TzythG,admin211,default.png
ice,$2a$12$brGN8TfPsjpVL7mseU2t6OoCTQo7Sfn/n28J2otbhWj6kwNoH7wDW,ice,default.png
o,$2a$12$BWMLaXXjGqKghKdIKAlIJuLDCDf9Z3d9Sz7zXuPSmrRwUnu6g4Fj2,o,default.png
nook,$2a$12$2M4plJK7H8ye4z.qYTpgnejh7tmlpl.WNerp2S84Qf.KqfU/teKUq,NOOKX2,default.png
jSmith89,$2a$12$q5r2YKLmqFAtjK/S6zMMR.p/1PUXMQSvTaz4cWOTcAHxA6BO84lEi,John Smith,default.png
eBrown22,$2a$12$vchFeO4APZ76ogHfowUha.obiN92akE3zbfO1.h5LVZgk215hYsES,Emily Brown,default.png
dJohnson77,$2a$12$RexaAfZjXw94xJ9qgI0XIO4rKHHZx6ZBodbKESmBWtjOUgdO.YT16,David Johnson,default.png
sWilliams64,$2a$12$20bt2Fbevlh6VIPJJxfZ8uwVuI2RnCpHqzThGmVOeklnehhyERLhW,Sarah Williams,default.png
aJones91,$2a$12$7D4Ugk/X60UgokqXGn/mAuNFdc6l2HCHEW2GOa5PT6Jb//krlphCm,Alex Jones,default.png
paul,$2a$12$EbBkvkdwWc2l2KVVXXOhGOYK44H.uljR/4MrPdponFQB62an/y86m,Paul Westerberg,default.png
poly,$2a$12$ZlwZdtiL/kiospSMbGi.O.onzEZVUjzgfpNZr/aodw4QvaCya/QUm,Poly Styrene,default.png
kelly,$2a$12$DBPsV7wL.4W2oPJ7MGkLYOuE48HW0Pf2FPfH4XUNdXIuAUbkObyTa,Kelly Clarkson,default.png
Alicia,$2a$12$0WtqhwcLUcm8hbSUA8cSr.N6KM52PIJKXDv0qdjQw5ls/TDRYrEO2,Alicia Keys,default.png
Solomon,$2a$12$hhB7.6.dTw5ALCAn4eHEceaIPkTfufB34dUFOuxT2yDHFnxV6rnMu,Solomon Burke,default.png
pimmadap,$2a$12$N6eC1KuWgLDaR4nhqwFwouNNhUOO7GIdtaMXefEEwKE/uwx/nbsIG,Pimmada Panngam,pimmadap.jpeg
lanadel,$2a$12$GdsNx.IAv6F6zCrtwrgTqe6Hta/kO1Nd1imTlzYO4Onf0Qeg0Vs7e,Lana Del Rey,default.png
taylors,$2a$12$1PuMFAHbXGFNilHvfL1hYetE3d9YvwSjZ8P9t7sK3gGGUA4Cxs826,Taylor Swift,default.png
oliviarod,$2a$12$PUPyvhuDbgOcsFGi9jdnKegBTW.058u//JDlZvfTe2gIsen0Zsv5O,Olivia Rodrigo,default.png
harry,$2a$12$0XNb5I7BaOGm2FdNQnwju.vn1Vne2T9kVdEiOa4Z6wdIIU0MuYORu,Harry Styles,default.png
conan,$2a$12$hegm9Vu0cX2izDZE8c7rdO3XtgFJeSV3f.gBRwPHRyJM0NCz8aI0y,Conan Gray,default.png
rihanna,$2a$12$bkVKjJeRKFldN43msjORmuh/nFNHTT7okU7Qy/Beez2QgmRLMzGSW,Rihanna Fenty,default.png
justinb,$2a$12$UpX3UGnzSWpjKh9VfHFKZuECnJ2popTjXJF6RIe9T2tOG5GIHOYmq,Justin Bieber,default.png
bruno,$2a$12$AjS0c1eP8d46tB2NQQPaF.0W9xvspNOiLb2gPFZUcRIGrGxjbOKYi,Bruno Mars,default.png
ariana,$2a$12$UCJX3v8qcvY9OpCioybOAeGsNBneXaSh8JbgW1umyo1oblZh0sAmm,Ariana Grande,default.png
edshee,$2a$12$wG5mm5HSM94r6fN5Kn2QD.XXMclkfncJTV6S83y8IDkIeUIVnBwl2,Ed Sheeran,default.png
gojo,$2a$12$HRK7rxjpwd1bpD4Vzy5NQuwfjAuBUxvEVwBbQiN9pAVSfrOzWDQ1y,Gojo Satoru,default.png
nanami,$2a$12$u0gJ2N0/4f4OCk5IIRDpQ.4Hde/mvzP2ifVTLX.8chaAIX6HyJUhK,Nanami Kento,default.png
